year,users_millions_est
2009,0.2
2010,20.1875
2011,40.175000000000004
2012,60.16250000000001
2013,80.15
2014,100.1375
2015,120.12500000000001
2016,140.11249999999998
2017,160.1
2018,180.0875
2019,200.075
2020,220.0625
2021,240.05
2022,260.0375
2023,280.025
2024,300.0125
2025,320.0
