year,users_millions_est
1985,1.0
1986,55.95
1987,110.9
1988,165.85000000000002
1989,220.8
1990,275.75
1991,330.70000000000005
1992,385.65000000000003
1993,440.6
1994,495.55
1995,550.5
1996,605.45
1997,660.4000000000001
1998,715.35
1999,770.3000000000001
2000,825.25
2001,880.2
2002,935.1500000000001
2003,990.1
2004,1045.05
2005,1100.0
